11,00;13,00;LABORATORIO CATARINENSE LTDA;1006600520050;- (*) 
11,00;13,00;LABORATORIO CATARINENSE LTDA;1006600520069;- (*) 
47,00;47,01;CHIESI FARMACUTICA LTDA;1005801220031;- (*) 
135,07;136,99;CHIESI FARMACUTICA LTDA;1005801220064;- (*) 
200,04;201,05;CHIESI FARMACUTICA LTDA;1005801220021;- (*) 
7059,37;8166,78;NOVARTIS BIOCIENCIAS S.A;1006811220073;- (*) 
7059,37;8166,78;NOVARTIS BIOCIENCIAS S.A;1006811220081;- (*) 
11,00;13,00;LABORATORIO CATARINENSE LTDA;1006600520042;- (*) 
84126,00;97314,38;CHIESI FARMACUTICA LTDA;1005801210034;- (*) 
69,97;70,03;CHIESI FARMACUTICA LTDA;1005801220013;- (*) 
42063,69;48657,38;CHIESI FARMACUTICA LTDA;1005801210026;- (*) 
1764,61;2041,05;NOVARTIS BIOCIENCIAS S.A;1006811220065;- (*) 
1,00;1,00;1;1;1
2,00;2,00;2;2;2
223,06;258,02;NOVARTIS BIOCIENCIAS S.A;1006800800030;Tarja Preta
31,01;36,00;NOVARTIS BIOCIENCIAS S.A;1006800800091;Tarja Preta
235,00;271,96;NOVARTIS BIOCIENCIAS S.A;1006800800049;Tarja Preta
79,01;92,02;NOVARTIS BIOCIENCIAS S.A;1006800800065;Tarja Preta
62,98;72,00;NOVARTIS BIOCIENCIAS S.A;1006800800081;Tarja Preta
213,02;246,01;NOVARTIS BIOCIENCIAS S.A;1006800800022;Tarja Preta
59,98;68,02;CHIESI FARMACUTICA LTDA;1005800980014;Tarja Preta (**)
12,00;14,00;NOVARTIS BIOCIENCIAS S.A;1006811150016;Tarja Preta (**)
10,00;12,00;NOVARTIS BIOCIENCIAS S.A;1006811160011;Tarja Preta (**)
17,00;19,99;NOVARTIS BIOCIENCIAS S.A;1006810950019;Tarja Preta (**)
18,01;20,99;NOVARTIS BIOCIENCIAS S.A;1006811010011;Tarja Preta (**)
11,00;13,00;LABORATRIO SADE LTDA;1004901070041;Tarja Preta (**)
31,00;35,99;CHIESI FARMACUTICA LTDA;1005800390092;Tarja Preta (**)
8,00;10,00;LABORATRIO SADE LTDA;1004901070031;Tarja Preta (**)
8,00;8,00;NOVARTIS BIOCIENCIAS S.A;1006810870015;Tarja Preta (**)
112,98;130,95;CHIESI FARMACUTICA LTDA;1005800980022;Tarja Preta (**)
101,98;117,00;CHIESI FARMACUTICA LTDA;1005800140059;Tarja Sem Tarja
66,99;74,98;LABORATRIO SADE LTDA;1004901060060;Tarja Sem Tarja
27,01;31,00;SANDOZ DO BRASIL INDSTRIA FARMACUTICA LTDA;1004705350061;Tarja Sem Tarja
69,99;80,99;CHIESI FARMACUTICA LTDA;1005800140040;Tarja Sem Tarja
142,95;164,06;LABORATORIO CATARINENSE LTDA;1006600470010;Tarja Sem Tarja
19,01;22,00;CHIESI FARMACUTICA LTDA;1005800390106;Tarja Sem Tarja
15,00;18,00;CHIESI FARMACUTICA LTDA;1005800390050;Tarja Sem Tarja
19,00;23,99;LABORATORIO CATARINENSE LTDA;1006633990013;Tarja Sem Tarja
50,00;58,02;CHIESI FARMACUTICA LTDA;1005800140010;Tarja Sem Tarja
32,99;37,00;LABORATORIO CATARINENSE LTDA;1006633780061;Tarja Sem Tarja
17,99;19,00;LABORATORIO CATARINENSE LTDA;1006633950021;Tarja Sem Tarja
138,98;160,93;CHIESI FARMACUTICA LTDA;1005800140067;Tarja Sem Tarja
37,00;43,98;CHIESI FARMACUTICA LTDA;1005800390152;Tarja Sem Tarja
35,99;41,98;LABORATORIO CATARINENSE LTDA;1006633830024;Tarja Sem Tarja
64,02;75,00;LABORATRIO SADE LTDA;1004901060052;Tarja Sem Tarja
52,00;61,99;LABORATORIO CATARINENSE LTDA;1006633910011;Tarja Sem Tarja
0,00;0,00;SANDOZ DO BRASIL INDSTRIA FARMACUTICA LTDA;1004706440021;Tarja Vermelha
0,00;0,00;SANDOZ DO BRASIL INDSTRIA FARMACUTICA LTDA;1004706440011;Tarja Vermelha
70,02;71,02;SANDOZ DO BRASIL INDSTRIA FARMACUTICA LTDA;1004705610037;Tarja Vermelha
21,00;21,01;SANDOZ DO BRASIL INDSTRIA FARMACUTICA LTDA;1004705260044;Tarja Vermelha
18,00;18,01;SANDOZ DO BRASIL INDSTRIA FARMACUTICA LTDA;1004705730016;Tarja Vermelha
27,00;27,00;SANDOZ DO BRASIL INDSTRIA FARMACUTICA LTDA;1004705610088;Tarja Vermelha
9,00;9,00;SANDOZ DO BRASIL INDSTRIA FARMACUTICA LTDA;1004705610071;Tarja Vermelha
19,01;20,00;SANDOZ DO BRASIL INDSTRIA FARMACUTICA LTDA;1004705610045;Tarja Vermelha
11,00;11,00;NOVARTIS BIOCIENCIAS S.A;1006811240430;Tarja Vermelha
15,00;18,00;SANDOZ DO BRASIL INDSTRIA FARMACUTICA LTDA;1004705590011;Tarja Vermelha
25,99;28,00;SANDOZ DO BRASIL INDSTRIA FARMACUTICA LTDA;1004705590028;Tarja Vermelha
23,01;23,00;NOVARTIS BIOCIENCIAS S.A;1006811240155;Tarja Vermelha
160,96;161,98;CHIESI FARMACUTICA LTDA;1005801140079;Tarja Vermelha
12,00;12,00;SANDOZ DO BRASIL INDSTRIA FARMACUTICA LTDA;1004705610010;Tarja Vermelha
87,01;88,00;SANDOZ DO BRASIL INDSTRIA FARMACUTICA LTDA;1004705610029;Tarja Vermelha
82,03;83,03;SANDOZ DO BRASIL INDSTRIA FARMACUTICA LTDA;1004705830096;Tarja Vermelha
97,02;98,98;SANDOZ DO BRASIL INDSTRIA FARMACUTICA LTDA;1004705830150;Tarja Vermelha
43,00;43,02;SANDOZ DO BRASIL INDSTRIA FARMACUTICA LTDA;1004705860017;Tarja Vermelha
24,00;24,99;SANDOZ DO BRASIL INDSTRIA FARMACUTICA LTDA;1004705860033;Tarja Vermelha
50,02;50,99;NOVARTIS BIOCIENCIAS S.A;1006801020047;Tarja Vermelha
8,00;8,00;NOVARTIS BIOCIENCIAS S.A;1006801020081;Tarja Vermelha
36,98;36,02;CHIESI FARMACUTICA LTDA;1005801190051;Tarja Vermelha
36,98;36,02;CHIESI FARMACUTICA LTDA;1005801190068;Tarja Vermelha
108,01;109,97;NOVARTIS BIOCIENCIAS S.A;1006801560033;Tarja Vermelha
115,96;116,01;NOVARTIS BIOCIENCIAS S.A;1006801560041;Tarja Vermelha
108,01;109,97;NOVARTIS BIOCIENCIAS S.A;1006801560076;Tarja Vermelha
497,93;575,95;SANDOZ DO BRASIL INDSTRIA FARMACUTICA LTDA;1004705890013;Tarja Vermelha
28,01;28,01;SANDOZ DO BRASIL INDSTRIA FARMACUTICA LTDA;1004705280010;Tarja Vermelha
66,00;66,02;SANDOZ DO BRASIL INDSTRIA FARMACUTICA LTDA;1004705290024;Tarja Vermelha
11,00;11,00;NOVARTIS BIOCIENCIAS S.A;1006811240112;Tarja Vermelha
56,00;56,01;SANDOZ DO BRASIL INDSTRIA FARMACUTICA LTDA;1004705380023;Tarja Vermelha
128,04;129,02;NOVARTIS BIOCIENCIAS S.A;1006808950082;Tarja Vermelha
23,01;23,00;NOVARTIS BIOCIENCIAS S.A;1006811240511;Tarja Vermelha
93,98;93,03;NOVARTIS BIOCIENCIAS S.A;1006800650071;Tarja Vermelha
53,01;53,01;SANDOZ DO BRASIL INDSTRIA FARMACUTICA LTDA;1004705750068;Tarja Vermelha
76,04;77,97;SANDOZ DO BRASIL INDSTRIA FARMACUTICA LTDA;1004705430071;Tarja Vermelha
160,96;161,98;CHIESI FARMACUTICA LTDA;1005801140087;Tarja Vermelha
82,03;83,03;SANDOZ DO BRASIL INDSTRIA FARMACUTICA LTDA;1004705830037;Tarja Vermelha
62,01;62,00;SANDOZ DO BRASIL INDSTRIA FARMACUTICA LTDA;1004706020330;Tarja Vermelha
108,98;109,02;SANDOZ DO BRASIL INDSTRIA FARMACUTICA LTDA;1004706020535;Tarja Vermelha
25,00;26,00;NOVARTIS BIOCIENCIAS S.A;1006800980047;Tarja Vermelha
641,29;645,73;SANDOZ DO BRASIL INDSTRIA FARMACUTICA LTDA;1004706090010;Tarja Vermelha
40,00;40,00;SANDOZ DO BRASIL INDSTRIA FARMACUTICA LTDA;1004706100024;Tarja Vermelha
26,01;26,01;SANDOZ DO BRASIL INDSTRIA FARMACUTICA LTDA;1004705260011;Tarja Vermelha
5637,56;5671,24;SANDOZ DO BRASIL INDSTRIA FARMACUTICA LTDA;1004706110021;Tarja Vermelha
8668,69;8721,31;SANDOZ DO BRASIL INDSTRIA FARMACUTICA LTDA;1004706130020;Tarja Vermelha
0,00;0,00;SANDOZ DO BRASIL INDSTRIA FARMACUTICA LTDA;1004706150021;Tarja Vermelha
0,00;0,00;SANDOZ DO BRASIL INDSTRIA FARMACUTICA LTDA;1004706150031;Tarja Vermelha
19971,09;23102,00;NOVARTIS BIOCIENCIAS S.A;1006811270011;Tarja Vermelha
4992,24;5775,80;NOVARTIS BIOCIENCIAS S.A;1006811270021;Tarja Vermelha
0,00;0,00;SANDOZ DO BRASIL INDSTRIA FARMACUTICA LTDA;1004706180011;Tarja Vermelha
0,00;0,00;SANDOZ DO BRASIL INDSTRIA FARMACUTICA LTDA;1004706180036;Tarja Vermelha
7719,59;8929,56;SANDOZ DO BRASIL INDSTRIA FARMACUTICA LTDA;1004706190015;Tarja Vermelha
111,03;111,03;NOVARTIS BIOCIENCIAS S.A;1006810530060;Tarja Vermelha
55,99;55,00;NOVARTIS BIOCIENCIAS S.A;1006810530095;Tarja Vermelha
48,00;49,00;SANDOZ DO BRASIL INDSTRIA FARMACUTICA LTDA;1004705610096;Tarja Vermelha
111,00;112,01;NOVARTIS BIOCIENCIAS S.A;1006800970106;Tarja Vermelha
48,00;48,00;NOVARTIS BIOCIENCIAS S.A;1006800970122;Tarja Vermelha
4074,07;4098,05;NOVARTIS BIOCIENCIAS S.A;1006810560024;Tarja Vermelha
4824,20;4853,66;NOVARTIS BIOCIENCIAS S.A;1006810560032;Tarja Vermelha
4824,20;4853,66;NOVARTIS BIOCIENCIAS S.A;1006810560059;Tarja Vermelha
117,98;118,98;NOVARTIS BIOCIENCIAS S.A;1006800260079;Tarja Vermelha
58,01;58,01;CHIESI FARMACUTICA LTDA;1005800770044;Tarja Vermelha
115,96;116,01;NOVARTIS BIOCIENCIAS S.A;1006801560084;Tarja Vermelha
8,00;8,00;NOVARTIS BIOCIENCIAS S.A;1006800130019;Tarja Vermelha
1039,95;1045,44;INSTITUTO BIOCHIMICO INDSTRIA FARMACUTICA LTDA;1006302420015;Tarja Vermelha
0,00;0,00;NOVARTIS BIOCIENCIAS S.A;1006810600077;Tarja Vermelha
32,01;32,00;SANDOZ DO BRASIL INDSTRIA FARMACUTICA LTDA;1004706250018;Tarja Vermelha
64,02;64,01;SANDOZ DO BRASIL INDSTRIA FARMACUTICA LTDA;1004706250026;Tarja Vermelha
129,98;129,97;SANDOZ DO BRASIL INDSTRIA FARMACUTICA LTDA;1004706250034;Tarja Vermelha
9831,17;9890,61;SANDOZ DO BRASIL INDSTRIA FARMACUTICA LTDA;1004706280014;Tarja Vermelha
9831,17;9890,61;SANDOZ DO BRASIL INDSTRIA FARMACUTICA LTDA;1004706280030;Tarja Vermelha
8989,39;9044,73;SANDOZ DO BRASIL INDSTRIA FARMACUTICA LTDA;1004706290079;Tarja Vermelha
8936,69;8990,91;SANDOZ DO BRASIL INDSTRIA FARMACUTICA LTDA;1004706290117;Tarja Vermelha
125,01;125,03;NOVARTIS BIOCIENCIAS S.A;1006810730027;Tarja Vermelha
41,00;41,98;NOVARTIS BIOCIENCIAS S.A;1006810730051;Tarja Vermelha
125,01;125,03;NOVARTIS BIOCIENCIAS S.A;1006810730061;Tarja Vermelha
166,96;167,06;INSTITUTO BIOCHIMICO INDSTRIA FARMACUTICA LTDA;1006302560062;Tarja Vermelha
61,99;61,02;NOVARTIS BIOCIENCIAS S.A;1006810820026;Tarja Vermelha
127,01;128,07;NOVARTIS BIOCIENCIAS S.A;1006810820034;Tarja Vermelha
4888,61;5654,00;SANDOZ DO BRASIL INDSTRIA FARMACUTICA LTDA;1004706340017;Tarja Vermelha
127,01;128,07;NOVARTIS BIOCIENCIAS S.A;1006810820093;Tarja Vermelha
150,01;151,04;NOVARTIS BIOCIENCIAS S.A;1006810820123;Tarja Vermelha
71,97;72,99;NOVARTIS BIOCIENCIAS S.A;1006810820141;Tarja Vermelha
37,99;37,00;NOVARTIS BIOCIENCIAS S.A;1006801560122;Tarja Vermelha
45,01;46,02;CHIESI FARMACUTICA LTDA;1005801190122;Tarja Vermelha
136,05;157,05;CHIESI FARMACUTICA LTDA;1005801200012;Tarja Vermelha
95,00;96,02;NOVARTIS BIOCIENCIAS S.A;1006808950041;Tarja Vermelha
14,00;16,01;LABORATORIO CATARINENSE LTDA;1006633710045;Tarja Vermelha
1105,10;1112,61;SANDOZ DO BRASIL INDSTRIA FARMACUTICA LTDA;1004706360050;Tarja Vermelha
96,02;96,96;SANDOZ DO BRASIL INDSTRIA FARMACUTICA LTDA;1004706400036;Tarja Vermelha
192,07;193,05;SANDOZ DO BRASIL INDSTRIA FARMACUTICA LTDA;1004706400044;Tarja Vermelha
39,99;40,01;SANDOZ DO BRASIL INDSTRIA FARMACUTICA LTDA;1004705210012;Tarja Vermelha
333,94;335,13;SANDOZ DO BRASIL INDSTRIA FARMACUTICA LTDA;1004706400060;Tarja Vermelha
4068,88;4093,00;SANDOZ DO BRASIL INDSTRIA FARMACUTICA LTDA;1004706430016;Tarja Vermelha
36,98;36,02;CHIESI FARMACUTICA LTDA;1005801190041;Tarja Vermelha
17,99;17,99;SANDOZ DO BRASIL INDSTRIA FARMACUTICA LTDA;1004705570191;Tarja Vermelha
253,01;255,99;NOVARTIS BIOCIENCIAS S.A;1006800090017;Tarja Vermelha
432,96;435,91;NOVARTIS BIOCIENCIAS S.A;1006800090025;Tarja Vermelha
4,00;5,00;SANDOZ DO BRASIL INDSTRIA FARMACUTICA LTDA;1004705250014;Tarja Vermelha
46,99;46,02;CHIESI FARMACUTICA LTDA;1005801190092;Tarja Vermelha
7336,17;7381,44;NOVARTIS BIOCIENCIAS S.A;1006800090130;Tarja Vermelha
9904,17;9964,91;NOVARTIS BIOCIENCIAS S.A;1006800090149;Tarja Vermelha
123,97;124,97;NOVARTIS BIOCIENCIAS S.A;1006811040016;Tarja Vermelha
247,06;248,96;NOVARTIS BIOCIENCIAS S.A;1006811040024;Tarja Vermelha
6,00;6,00;NOVARTIS BIOCIENCIAS S.A;1006800130078;Tarja Vermelha
80,99;81,97;SANDOZ DO BRASIL INDSTRIA FARMACUTICA LTDA;1004705380041;Tarja Vermelha
27,01;28,01;SANDOZ DO BRASIL INDSTRIA FARMACUTICA LTDA;1004705420033;Tarja Vermelha
38,02;38,01;SANDOZ DO BRASIL INDSTRIA FARMACUTICA LTDA;1004705430020;Tarja Vermelha
38,02;38,01;SANDOZ DO BRASIL INDSTRIA FARMACUTICA LTDA;1004705430047;Tarja Vermelha
64,02;74,04;NOVARTIS BIOCIENCIAS S.A;1006811080018;Tarja Vermelha
38,01;38,99;SANDOZ DO BRASIL INDSTRIA FARMACUTICA LTDA;1004705490015;Tarja Vermelha
765,76;769,90;SANDOZ DO BRASIL INDSTRIA FARMACUTICA LTDA;1004706210024;Tarja Vermelha
1166,00;1173,46;SANDOZ DO BRASIL INDSTRIA FARMACUTICA LTDA;1004706210040;Tarja Vermelha
111,03;111,03;NOVARTIS BIOCIENCIAS S.A;1006810530184;Tarja Vermelha
28,99;29,99;CHIESI FARMACUTICA LTDA;1005800550066;Tarja Vermelha
46,02;46,01;CHIESI FARMACUTICA LTDA;1005800550090;Tarja Vermelha
35,00;36,99;NOVARTIS BIOCIENCIAS S.A;1006811110030;Tarja Vermelha
4769,37;4798,05;NOVARTIS BIOCIENCIAS S.A;1006800090122;Tarja Vermelha
124,02;125,96;CHIESI FARMACUTICA LTDA;1005800890023;Tarja Vermelha
172,98;199,01;NOVARTIS BIOCIENCIAS S.A;1006811170025;Tarja Vermelha
93,98;93,03;NOVARTIS BIOCIENCIAS S.A;1006800650111;Tarja Vermelha
129,97;130,05;CHIESI FARMACUTICA LTDA;1005800890031;Tarja Vermelha
239,02;241,99;CHIESI FARMACUTICA LTDA;1005800890041;Tarja Vermelha
31,99;31,00;CHIESI FARMACUTICA LTDA;1005800970019;Tarja Vermelha
61,00;62,01;CHIESI FARMACUTICA LTDA;1005800970027;Tarja Vermelha
153,04;154,96;SANDOZ DO BRASIL INDSTRIA FARMACUTICA LTDA;1004705610053;Tarja Vermelha
108,01;108,97;SANDOZ DO BRASIL INDSTRIA FARMACUTICA LTDA;1004705610061;Tarja Vermelha
1114,54;1121,41;NOVARTIS BIOCIENCIAS S.A;1006800200033;Tarja Vermelha
326,06;328,87;SANDOZ DO BRASIL INDSTRIA FARMACUTICA LTDA;1004706400052;Tarja Vermelha
23,00;27,01;NOVARTIS BIOCIENCIAS S.A;1006810960014;Tarja Vermelha
25,99;25,01;NOVARTIS BIOCIENCIAS S.A;1006810970011;Tarja Vermelha
35,00;41,99;CHIESI FARMACUTICA LTDA;1005801050088;Tarja Vermelha
96,03;97,97;NOVARTIS BIOCIENCIAS S.A;1006800970130;Tarja Vermelha
16,01;16,99;SANDOZ DO BRASIL INDSTRIA FARMACUTICA LTDA;1004705720010;Tarja Vermelha
16,00;16,00;SANDOZ DO BRASIL INDSTRIA FARMACUTICA LTDA;1004705720037;Tarja Vermelha
87,98;101,01;NOVARTIS BIOCIENCIAS S.A;1006811230011;Tarja Vermelha
22,00;23,01;SANDOZ DO BRASIL INDSTRIA FARMACUTICA LTDA;1004705730032;Tarja Vermelha
14773,52;17089,31;NOVARTIS BIOCIENCIAS S.A;1006811210019;Tarja Vermelha
273,00;315,09;CHIESI FARMACUTICA LTDA;1005801200020;Tarja Vermelha
14724,22;14813,56;NOVARTIS BIOCIENCIAS S.A;1006810600093;Tarja Vermelha
81,99;82,97;NOVARTIS BIOCIENCIAS S.A;1006808950104;Tarja Vermelha
15880,44;15976,44;NOVARTIS BIOCIENCIAS S.A;1006810650023;Tarja Vermelha
160,96;161,98;CHIESI FARMACUTICA LTDA;1005801140060;Tarja Vermelha
604,27;608,00;SANDOZ DO BRASIL INDSTRIA FARMACUTICA LTDA;1004705980039;Tarja Vermelha
93,98;93,03;NOVARTIS BIOCIENCIAS S.A;1006800650144;Tarja Vermelha
924,12;1069,41;CHIESI FARMACUTICA LTDA;1005801150015;Tarja Vermelha
41,02;41,02;CHIESI FARMACUTICA LTDA;1005801160010;Tarja Vermelha
41,02;41,02;CHIESI FARMACUTICA LTDA;1005801160037;Tarja Vermelha
28,99;28,99;CHIESI FARMACUTICA LTDA;1005801190017;Tarja Vermelha
28,99;28,99;CHIESI FARMACUTICA LTDA;1005801190025;Tarja Vermelha
28,99;28,99;CHIESI FARMACUTICA LTDA;1005801190033;Tarja Vermelha
33,00;33,00;NOVARTIS BIOCIENCIAS S.A;1006810980023;Tarja Vermelha
834,12;839,10;INSTITUTO BIOCHIMICO INDSTRIA FARMACUTICA LTDA;1006302560070;Tarja Vermelha
30,00;31,01;SANDOZ DO BRASIL INDSTRIA FARMACUTICA LTDA;1004705570205;Tarja Vermelha
46,99;46,02;CHIESI FARMACUTICA LTDA;1005801190076;Tarja Vermelha
46,99;46,02;CHIESI FARMACUTICA LTDA;1005801190084;Tarja Vermelha
1668,24;1678,10;INSTITUTO BIOCHIMICO INDSTRIA FARMACUTICA LTDA;1006302560119;Tarja Vermelha
45,01;46,02;CHIESI FARMACUTICA LTDA;1005801190106;Tarja Vermelha
45,01;46,02;CHIESI FARMACUTICA LTDA;1005801190114;Tarja Vermelha
46,01;53,99;NOVARTIS BIOCIENCIAS S.A;1006811170033;Tarja Vermelha
246,04;248,95;NOVARTIS BIOCIENCIAS S.A;1006800200025;Tarja Vermelha
96,03;97,97;NOVARTIS BIOCIENCIAS S.A;1006800970051;Tarja Vermelha
8412,30;9731,88;CHIESI FARMACUTICA LTDA;1005801210018;Tarja Vermelha
6155,34;6192,05;INSTITUTO BIOCHIMICO INDSTRIA FARMACUTICA LTDA;1006302270072;Tarja Vermelha
96,03;97,97;NOVARTIS BIOCIENCIAS S.A;1006800970025;Tarja Vermelha
50,98;50,02;NOVARTIS BIOCIENCIAS S.A;1006800970041;Tarja Vermelha
3251,51;3271,12;INSTITUTO BIOCHIMICO INDSTRIA FARMACUTICA LTDA;1006302290030;Tarja Vermelha
0,00;0,00;SANDOZ DO BRASIL INDSTRIA FARMACUTICA LTDA;1004706010051;Tarja Vermelha
62,01;62,00;SANDOZ DO BRASIL INDSTRIA FARMACUTICA LTDA;1004706020136;Tarja Vermelha
46,01;47,00;SANDOZ DO BRASIL INDSTRIA FARMACUTICA LTDA;1004705570061;Tarja Vermelha
111,00;112,01;NOVARTIS BIOCIENCIAS S.A;1006800970157;Tarja Vermelha
221,99;222,96;SANDOZ DO BRASIL INDSTRIA FARMACUTICA LTDA;1004706360018;Tarja Vermelha
45,98;45,99;NOVARTIS BIOCIENCIAS S.A;1006800980063;Tarja Vermelha
1884,56;1896,00;NOVARTIS BIOCIENCIAS S.A;1006800090033;Tarja Vermelha
67,02;67,98;CHIESI FARMACUTICA LTDA;1005800890015;Tarja Vermelha
2021,00;2034,00;NOVARTIS BIOCIENCIAS S.A;1006810400035;Tarja Vermelha
4043,78;4068,78;NOVARTIS BIOCIENCIAS S.A;1006810400051;Tarja Vermelha
135,98;136,00;INSTITUTO BIOCHIMICO INDSTRIA FARMACUTICA LTDA;1006302550024;Tarja Vermelha
26,00;26,00;NOVARTIS BIOCIENCIAS S.A;1006800130061;Tarja Vermelha
7940,20;7988,37;NOVARTIS BIOCIENCIAS S.A;1006810650015;Tarja Vermelha
19,00;19,99;NOVARTIS BIOCIENCIAS S.A;1006800130086;Tarja Vermelha
3969,51;3994,10;NOVARTIS BIOCIENCIAS S.A;1006810650031;Tarja Vermelha
225,07;227,02;INSTITUTO BIOCHIMICO INDSTRIA FARMACUTICA LTDA;1006302560038;Tarja Vermelha
145,95;146,99;INSTITUTO BIOCHIMICO INDSTRIA FARMACUTICA LTDA;1006302560046;Tarja Vermelha
728,07;733,90;INSTITUTO BIOCHIMICO INDSTRIA FARMACUTICA LTDA;1006302560054;Tarja Vermelha
3385,83;3405,02;INSTITUTO BIOCHIMICO INDSTRIA FARMACUTICA LTDA;1006302270021;Tarja Vermelha
150,01;151,04;NOVARTIS BIOCIENCIAS S.A;1006810820069;Tarja Vermelha
58,99;68,98;NOVARTIS BIOCIENCIAS S.A;1006811310013;Tarja Vermelha
1300,44;1308,59;INSTITUTO BIOCHIMICO INDSTRIA FARMACUTICA LTDA;1006302290022;Tarja Vermelha
1457,15;1466,71;INSTITUTO BIOCHIMICO INDSTRIA FARMACUTICA LTDA;1006302560100;Tarja Vermelha
5640,44;5675,85;INSTITUTO BIOCHIMICO INDSTRIA FARMACUTICA LTDA;1006302290111;Tarja Vermelha
54,02;54,00;NOVARTIS BIOCIENCIAS S.A;1006800260060;Tarja Vermelha
150,01;151,04;NOVARTIS BIOCIENCIAS S.A;1006810820158;Tarja Vermelha
34,01;34,00;NOVARTIS BIOCIENCIAS S.A;1006800380112;Tarja Vermelha
7,00;7,00;NOVARTIS BIOCIENCIAS S.A;1006810970028;Tarja Vermelha
1105,10;1112,61;SANDOZ DO BRASIL INDSTRIA FARMACUTICA LTDA;1004706360026;Tarja Vermelha
131,94;132,02;NOVARTIS BIOCIENCIAS S.A;1006810530028;Tarja Vermelha
55,99;55,00;NOVARTIS BIOCIENCIAS S.A;1006810530052;Tarja Vermelha
93,98;93,03;NOVARTIS BIOCIENCIAS S.A;1006800650187;Tarja Vermelha
135,98;136,00;INSTITUTO BIOCHIMICO INDSTRIA FARMACUTICA LTDA;1006302550016;Tarja Vermelha
16,01;18,00;LABORATORIO CATARINENSE LTDA;1006633920015;Tarja Vermelha
162,98;163,93;INSTITUTO BIOCHIMICO INDSTRIA FARMACUTICA LTDA;1006302550032;Tarja Vermelha
271,96;272,11;INSTITUTO BIOCHIMICO INDSTRIA FARMACUTICA LTDA;1006302550040;Tarja Vermelha
145,95;146,99;INSTITUTO BIOCHIMICO INDSTRIA FARMACUTICA LTDA;1006302560011;Tarja Vermelha
166,96;167,06;INSTITUTO BIOCHIMICO INDSTRIA FARMACUTICA LTDA;1006302560021;Tarja Vermelha
48,00;48,01;NOVARTIS BIOCIENCIAS S.A;1006800650098;Tarja Vermelha
13,00;15,00;NOVARTIS BIOCIENCIAS S.A;1006811070012;Tarja Vermelha
0,00;0,00;NOVARTIS BIOCIENCIAS S.A;1006810260012;Tarja Vermelha
4068,12;4706,22;NOVARTIS BIOCIENCIAS S.A;1006811320035;Tarja Vermelha
52,00;52,01;NOVARTIS BIOCIENCIAS S.A;1006811100051;Tarja Vermelha
225,07;227,02;INSTITUTO BIOCHIMICO INDSTRIA FARMACUTICA LTDA;1006302560089;Tarja Vermelha
1128,49;1135,15;INSTITUTO BIOCHIMICO INDSTRIA FARMACUTICA LTDA;1006302560097;Tarja Vermelha
4463,61;4491,20;SANDOZ DO BRASIL INDSTRIA FARMACUTICA LTDA;1004705550085;Tarja Vermelha
26633,09;30808,66;NOVARTIS BIOCIENCIAS S.A;1006811210027;Tarja Vermelha
2257,07;2270,39;INSTITUTO BIOCHIMICO INDSTRIA FARMACUTICA LTDA;1006302560127;Tarja Vermelha
20883,19;24157,47;NOVARTIS BIOCIENCIAS S.A;1006811210043;Tarja Vermelha
41,00;41,98;NOVARTIS BIOCIENCIAS S.A;1006810730019;Tarja Vermelha
26,01;27,01;NOVARTIS BIOCIENCIAS S.A;1006811110014;Tarja Vermelha
111,03;111,03;NOVARTIS BIOCIENCIAS S.A;1006810530109;Tarja Vermelha
147,01;148,95;NOVARTIS BIOCIENCIAS S.A;1006800200076;Tarja Vermelha
295,90;297,99;NOVARTIS BIOCIENCIAS S.A;1006800200084;Tarja Vermelha
502,07;505,95;NOVARTIS BIOCIENCIAS S.A;1006800200092;Tarja Vermelha
77,02;89,03;NOVARTIS BIOCIENCIAS S.A;1006811080026;Tarja Vermelha
64,97;65,97;NOVARTIS BIOCIENCIAS S.A;1006800260036;Tarja Vermelha
131,94;132,02;NOVARTIS BIOCIENCIAS S.A;1006810530141;Tarja Vermelha
24,99;24,01;SANDOZ DO BRASIL INDSTRIA FARMACUTICA LTDA;1004705570027;Tarja Vermelha
237,02;239,04;NOVARTIS BIOCIENCIAS S.A;1006811090021;Tarja Vermelha
26633,09;30808,66;NOVARTIS BIOCIENCIAS S.A;1006811210035;Tarja Vermelha
94,01;108,98;NOVARTIS BIOCIENCIAS S.A;1006811310021;Tarja Vermelha
221,99;222,96;SANDOZ DO BRASIL INDSTRIA FARMACUTICA LTDA;1004706360042;Tarja Vermelha
9,00;9,00;NOVARTIS BIOCIENCIAS S.A;1006810890016;Tarja Vermelha
1010,85;1016,80;NOVARTIS BIOCIENCIAS S.A;1006810400019;Tarja Vermelha
37,01;37,99;NOVARTIS BIOCIENCIAS S.A;1006801020012;Tarja Vermelha
130,04;130,98;NOVARTIS BIOCIENCIAS S.A;1006800260044;Tarja Vermelha
23,00;23,99;NOVARTIS BIOCIENCIAS S.A;1006801020039;Tarja Vermelha
512,83;516,20;NOVARTIS BIOCIENCIAS S.A;1006800200106;Tarja Vermelha
46,00;46,98;NOVARTIS BIOCIENCIAS S.A;1006800650179;Tarja Vermelha
2034,00;2352,98;NOVARTIS BIOCIENCIAS S.A;1006811320019;Tarja Vermelha
118,03;119,97;NOVARTIS BIOCIENCIAS S.A;1006811090013;Tarja Vermelha
218,93;252,98;NOVARTIS BIOCIENCIAS S.A;1006811230028;Tarja Vermelha
52,00;52,01;NOVARTIS BIOCIENCIAS S.A;1006811100019;Tarja Vermelha
164,05;165,05;NOVARTIS BIOCIENCIAS S.A;1006810590160;Tarja Vermelha (**)
43,00;43,98;CHIESI FARMACUTICA LTDA;1005800090094;Tarja Vermelha (**)
107,98;108,00;NOVARTIS BIOCIENCIAS S.A;1006800170118;Tarja Vermelha (**)
75,00;75,99;CHIESI FARMACUTICA LTDA;1005800090108;Tarja Vermelha (**)
188,01;189,00;SANDOZ DO BRASIL INDSTRIA FARMACUTICA LTDA;1004705240051;Tarja Vermelha (**)
34,02;34,01;NOVARTIS BIOCIENCIAS S.A;1006800380376;Tarja Vermelha (**)
12,00;13,00;INSTITUTO BIOCHIMICO INDSTRIA FARMACUTICA LTDA;1006302470012;Tarja Vermelha (**)
10,00;10,00;NOVARTIS BIOCIENCIAS S.A;1006810840019;Tarja Vermelha (**)
41,00;41,00;NOVARTIS BIOCIENCIAS S.A;1006810590233;Tarja Vermelha (**)
1213,10;1220,85;INSTITUTO BIOCHIMICO INDSTRIA FARMACUTICA LTDA;1006302220032;Tarja Vermelha (**)
561,95;565,20;INSTITUTO BIOCHIMICO INDSTRIA FARMACUTICA LTDA;1006302220024;Tarja Vermelha (**)
498,88;501,07;SANDOZ DO BRASIL INDSTRIA FARMACUTICA LTDA;1004705900078;Tarja Vermelha (**)
107,00;107,01;CHIESI FARMACUTICA LTDA;1005801060016;Tarja Vermelha (**)
133,97;134,95;CHIESI FARMACUTICA LTDA;1005801140052;Tarja Vermelha (**)
41,00;41,00;NOVARTIS BIOCIENCIAS S.A;1006810590136;Tarja Vermelha (**)
17,01;17,99;NOVARTIS BIOCIENCIAS S.A;1006800380368;Tarja Vermelha (**)
302,95;304,12;INSTITUTO BIOCHIMICO INDSTRIA FARMACUTICA LTDA;1006302400014;Tarja Vermelha (**)
2597,83;2613,17;INSTITUTO BIOCHIMICO INDSTRIA FARMACUTICA LTDA;1006302310074;Tarja Vermelha (**)
60,99;61,98;SANDOZ DO BRASIL INDSTRIA FARMACUTICA LTDA;1004706100032;Tarja Vermelha (**)
1769,24;1780,95;INSTITUTO BIOCHIMICO INDSTRIA FARMACUTICA LTDA;1006302360012;Tarja Vermelha (**)
648,78;651,22;INSTITUTO BIOCHIMICO INDSTRIA FARMACUTICA LTDA;1006302330024;Tarja Vermelha (**)
67,97;68,00;CHIESI FARMACUTICA LTDA;1005801040015;Tarja Vermelha (**)
34,00;35,99;NOVARTIS BIOCIENCIAS S.A;1006811120028;Tarja Vermelha (**)
57,00;58,98;CHIESI FARMACUTICA LTDA;1005801110102;Tarja Vermelha (**)
188,01;189,00;SANDOZ DO BRASIL INDSTRIA FARMACUTICA LTDA;1004705230056;Tarja Vermelha (**)
51,01;52,01;SANDOZ DO BRASIL INDSTRIA FARMACUTICA LTDA;1004705240019;Tarja Vermelha (**)
2562,22;2577,51;NOVARTIS BIOCIENCIAS S.A;1006809830013;Tarja Vermelha (**)
1598,66;1608,29;INSTITUTO BIOCHIMICO INDSTRIA FARMACUTICA LTDA;1006301990101;Tarja Vermelha (**)
2728,83;2745,22;INSTITUTO BIOCHIMICO INDSTRIA FARMACUTICA LTDA;1006302390086;Tarja Vermelha (**)
164,98;165,98;SANDOZ DO BRASIL INDSTRIA FARMACUTICA LTDA;1004705900019;Tarja Vermelha (**)
0,00;0,00;NOVARTIS BIOCIENCIAS S.A;1006801740074;Tarja Vermelha (**)
2064,71;2076,80;CHIESI FARMACUTICA LTDA;1005800670023;Tarja Vermelha (**)
59,00;60,00;NOVARTIS BIOCIENCIAS S.A;1006811050021;Tarja Vermelha (**)
96,02;97,98;SANDOZ DO BRASIL INDSTRIA FARMACUTICA LTDA;1004705240043;Tarja Vermelha (**)
1602,29;1611,90;CHIESI FARMACUTICA LTDA;1005801010019;Tarja Vermelha (**)
164,05;165,05;NOVARTIS BIOCIENCIAS S.A;1006810590268;Tarja Vermelha (**)
34,00;35,99;NOVARTIS BIOCIENCIAS S.A;1006800600287;Tarja Vermelha (**)
158,96;159,97;SANDOZ DO BRASIL INDSTRIA FARMACUTICA LTDA;1004705900051;Tarja Vermelha (**)
290,06;292,85;NOVARTIS BIOCIENCIAS S.A;1006800530041;Tarja Vermelha (**)
133,97;134,95;CHIESI FARMACUTICA LTDA;1005801140036;Tarja Vermelha (**)
8,00;9,00;NOVARTIS BIOCIENCIAS S.A;1006810900011;Tarja Vermelha (**)
77,02;77,03;SANDOZ DO BRASIL INDSTRIA FARMACUTICA LTDA;1004705230048;Tarja Vermelha (**)
6631,17;6672,59;NOVARTIS BIOCIENCIAS S.A;1006800010013;Tarja Vermelha (**)
7853,56;7901,00;NOVARTIS BIOCIENCIAS S.A;1006800010072;Tarja Vermelha (**)
0,00;0,00;NOVARTIS BIOCIENCIAS S.A;1006801540113;Tarja Vermelha (**)
1064,54;1071,05;INSTITUTO BIOCHIMICO INDSTRIA FARMACUTICA LTDA;1006302230021;Tarja Vermelha (**)
39,00;39,02;NOVARTIS BIOCIENCIAS S.A;1006811250010;Tarja Vermelha (**)
164,05;165,05;NOVARTIS BIOCIENCIAS S.A;1006810590063;Tarja Vermelha (**)
374,10;377,99;INSTITUTO BIOCHIMICO INDSTRIA FARMACUTICA LTDA;1006301770047;Tarja Vermelha (**)
133,97;134,95;CHIESI FARMACUTICA LTDA;1005801140011;Tarja Vermelha (**)
120,98;121,01;SANDOZ DO BRASIL INDSTRIA FARMACUTICA LTDA;1004705900027;Tarja Vermelha (**)
931,90;937,15;SANDOZ DO BRASIL INDSTRIA FARMACUTICA LTDA;1004705900043;Tarja Vermelha (**)
41,99;42,01;NOVARTIS BIOCIENCIAS S.A;1006810500021;Tarja Vermelha (**)
83,96;84,98;NOVARTIS BIOCIENCIAS S.A;1006810500031;Tarja Vermelha (**)
0,00;0,00;NOVARTIS BIOCIENCIAS S.A;1006801740082;Tarja Vermelha (**)
674,07;678,73;SANDOZ DO BRASIL INDSTRIA FARMACUTICA LTDA;1004705900086;Tarja Vermelha (**)
2440,71;2455,10;NOVARTIS BIOCIENCIAS S.A;1006808970075;Tarja Vermelha (**)
38,00;38,99;NOVARTIS BIOCIENCIAS S.A;1006800600104;Tarja Vermelha (**)
1220,59;1227,51;NOVARTIS BIOCIENCIAS S.A;1006808970040;Tarja Vermelha (**)
50,98;51,00;NOVARTIS BIOCIENCIAS S.A;1006810850014;Tarja Vermelha (**)
34,00;40,01;NOVARTIS BIOCIENCIAS S.A;1006808980011;Tarja Vermelha (**)
35,01;35,99;CHIESI FARMACUTICA LTDA;1005801110013;Tarja Vermelha (**)
1570,39;1579,49;INSTITUTO BIOCHIMICO INDSTRIA FARMACUTICA LTDA;1006301370057;Tarja Vermelha (**)
4079,07;4104,78;INSTITUTO BIOCHIMICO INDSTRIA FARMACUTICA LTDA;1006301370103;Tarja Vermelha (**)
3529,32;4083,10;NOVARTIS BIOCIENCIAS S.A;1006811220049;Tarja Vermelha (**)
57,00;58,98;CHIESI FARMACUTICA LTDA;1005801110110;Tarja Vermelha (**)
14,00;16,01;CHIESI FARMACUTICA LTDA;1005800270038;Tarja Vermelha (**)
57,99;57,01;SANDOZ DO BRASIL INDSTRIA FARMACUTICA LTDA;1004705900061;Tarja Vermelha (**)
46,99;46,98;CHIESI FARMACUTICA LTDA;1005801110048;Tarja Vermelha (**)
45,01;45,00;SANDOZ DO BRASIL INDSTRIA FARMACUTICA LTDA;1004705650020;Tarja Vermelha (**)
533,00;536,80;INSTITUTO BIOCHIMICO INDSTRIA FARMACUTICA LTDA;1006302160013;Tarja Vermelha (**)
31,99;31,00;NOVARTIS BIOCIENCIAS S.A;1006810860011;Tarja Vermelha (**)
27,99;27,99;NOVARTIS BIOCIENCIAS S.A;1006811280025;Tarja Vermelha (**)
39,02;39,00;NOVARTIS BIOCIENCIAS S.A;1006811280033;Tarja Vermelha (**)
23,01;23,00;NOVARTIS BIOCIENCIAS S.A;1006811290039;Tarja Vermelha (**)
0,00;0,00;NOVARTIS BIOCIENCIAS S.A;1006801000011;Tarja Vermelha (**)
3529,32;4083,10;NOVARTIS BIOCIENCIAS S.A;1006811220022;Tarja Vermelha (**)
7059,37;8166,78;NOVARTIS BIOCIENCIAS S.A;1006811220030;Tarja Vermelha (**)
693,83;697,05;INSTITUTO BIOCHIMICO INDSTRIA FARMACUTICA LTDA;1006302280019;Tarja Vermelha (**)
2562,22;2577,51;NOVARTIS BIOCIENCIAS S.A;1006809830056;Tarja Vermelha (**)
69,03;69,01;NOVARTIS BIOCIENCIAS S.A;1006811140010;Tarja Vermelha (**)
7669,44;8872,48;NOVARTIS BIOCIENCIAS S.A;1006810760031;Tarja Vermelha (**)
33,01;34,98;NOVARTIS BIOCIENCIAS S.A;1006800600120;Tarja Vermelha (**)
58,01;58,01;CHIESI FARMACUTICA LTDA;1005800090035;Tarja Vermelha (**)
1634,71;1644,05;SANDOZ DO BRASIL INDSTRIA FARMACUTICA LTDA;1004705880018;Tarja Vermelha (**)
107,03;108,97;NOVARTIS BIOCIENCIAS S.A;1006811050038;Tarja Vermelha (**)
167,02;168,07;NOVARTIS BIOCIENCIAS S.A;1006810500048;Tarja Vermelha (**)
2357,00;2371,29;NOVARTIS BIOCIENCIAS S.A;1006809590039;Tarja Vermelha (**)
1240,05;1248,24;INSTITUTO BIOCHIMICO INDSTRIA FARMACUTICA LTDA;1006302210037;Tarja Vermelha (**)
28,00;29,00;NOVARTIS BIOCIENCIAS S.A;1006800600112;Tarja Vermelha (**)
25,01;26,00;NOVARTIS BIOCIENCIAS S.A;1006800660018;Tarja Vermelha (**)
1281,56;1288,76;NOVARTIS BIOCIENCIAS S.A;1006809830048;Tarja Vermelha (**)
58,01;58,00;CHIESI FARMACUTICA LTDA;1005801110072;Tarja Vermelha (**)
37,98;37,02;NOVARTIS BIOCIENCIAS S.A;1006811290071;Tarja Vermelha (**)
40,01;47,99;NOVARTIS BIOCIENCIAS S.A;1006800550107;Tarja Vermelha (**)
69,99;80,98;NOVARTIS BIOCIENCIAS S.A;1006808980021;Tarja Vermelha (**)
1571,49;1580,46;NOVARTIS BIOCIENCIAS S.A;1006809590020;Tarja Vermelha (**)
50900,38;58879,38;NOVARTIS BIOCIENCIAS S.A;1006810680011;Tarja Vermelha (**)
3142,12;3161,61;NOVARTIS BIOCIENCIAS S.A;1006809590047;Tarja Vermelha (**)
1525,51;1534,51;CHIESI FARMACUTICA LTDA;1005800670015;Tarja Vermelha (**)
2562,22;2577,51;NOVARTIS BIOCIENCIAS S.A;1006809830031;Tarja Vermelha (**)
7059,37;8166,78;NOVARTIS BIOCIENCIAS S.A;1006811220057;Tarja Vermelha (**)
46,99;47,00;NOVARTIS BIOCIENCIAS S.A;1006800170101;Tarja Vermelha (**)
51,01;52,01;SANDOZ DO BRASIL INDSTRIA FARMACUTICA LTDA;1004705230013;Tarja Vermelha (**)
324,96;326,98;INSTITUTO BIOCHIMICO INDSTRIA FARMACUTICA LTDA;1006301450034;Tarja Vermelha (**)
40,01;40,99;CHIESI FARMACUTICA LTDA;1005800090027;Tarja Vermelha (**)
144,99;145,04;NOVARTIS BIOCIENCIAS S.A;1006800600074;Tarja Vermelha (**)
64,01;65,00;NOVARTIS BIOCIENCIAS S.A;1006800930082;Tarja Vermelha (**)
50900,38;58879,38;NOVARTIS BIOCIENCIAS S.A;1006810680038;Tarja Vermelha (**)
38,02;38,01;NOVARTIS BIOCIENCIAS S.A;1006800590011;Tarja Vermelha (**)
109,00;109,03;NOVARTIS BIOCIENCIAS S.A;1006801520023;Tarja Vermelha (**)
17,99;17,00;NOVARTIS BIOCIENCIAS S.A;1006800600082;Tarja Vermelha (**)
45,01;45,00;SANDOZ DO BRASIL INDSTRIA FARMACUTICA LTDA;1004705650047;Tarja Vermelha (**)
34,00;35,99;NOVARTIS BIOCIENCIAS S.A;1006800600325;Tarja Vermelha (**)
34,99;35,02;NOVARTIS BIOCIENCIAS S.A;1006800930066;Tarja Vermelha (**)
558,93;562,07;INSTITUTO BIOCHIMICO INDSTRIA FARMACUTICA LTDA;1006302210029;Tarja Vermelha (**)
54,00;55,98;CHIESI FARMACUTICA LTDA;1005800090183;Tarja Vermelha (**)
3529,32;4083,10;NOVARTIS BIOCIENCIAS S.A;1006811220014;Tarja Vermelha (**)
957,93;963,90;SANDOZ DO BRASIL INDSTRIA FARMACUTICA LTDA;1004705600015;Tarja Vermelha sob restrio
3312,71;3332,39;INSTITUTO BIOCHIMICO INDSTRIA FARMACUTICA LTDA;1006301900021;Tarja Vermelha sob restrio
87,97;88,04;SANDOZ DO BRASIL INDSTRIA FARMACUTICA LTDA;1004705740216;Tarja Vermelha sob restrio
648,78;651,22;INSTITUTO BIOCHIMICO INDSTRIA FARMACUTICA LTDA;1006302470020;Tarja Vermelha sob restrio
60,02;60,01;SANDOZ DO BRASIL INDSTRIA FARMACUTICA LTDA;1004706240128;Tarja Vermelha sob restrio
79,01;79,97;SANDOZ DO BRASIL INDSTRIA FARMACUTICA LTDA;1004706240136;Tarja Vermelha sob restrio
65,01;66,03;SANDOZ DO BRASIL INDSTRIA FARMACUTICA LTDA;1004705740267;Tarja Vermelha sob restrio
26,00;26,99;SANDOZ DO BRASIL INDSTRIA FARMACUTICA LTDA;1004706240160;Tarja Vermelha sob restrio
3197,93;3217,20;SANDOZ DO BRASIL INDSTRIA FARMACUTICA LTDA;1004705600041;Tarja Vermelha sob restrio
773,24;778,27;INSTITUTO BIOCHIMICO INDSTRIA FARMACUTICA LTDA;1006301380036;Tarja Vermelha sob restrio
141,01;142,02;SANDOZ DO BRASIL INDSTRIA FARMACUTICA LTDA;1004706240144;Tarja Vermelha sob restrio
239,03;241,95;NOVARTIS BIOCIENCIAS S.A;1006800990131;Tarja Vermelha sob restrio
17,00;17,01;SANDOZ DO BRASIL INDSTRIA FARMACUTICA LTDA;1004706240071;Tarja Vermelha sob restrio
120,02;121,98;SANDOZ DO BRASIL INDSTRIA FARMACUTICA LTDA;1004705740208;Tarja Vermelha sob restrio
51,98;51,02;SANDOZ DO BRASIL INDSTRIA FARMACUTICA LTDA;1004705190151;Tarja Vermelha sob restrio
11,00;11,00;SANDOZ DO BRASIL INDSTRIA FARMACUTICA LTDA;1004705190127;Tarja Vermelha sob restrio
49,99;49,02;SANDOZ DO BRASIL INDSTRIA FARMACUTICA LTDA;1004705740275;Tarja Vermelha sob restrio
206,04;208,04;SANDOZ DO BRASIL INDSTRIA FARMACUTICA LTDA;1004706320024;Tarja Vermelha sob restrio
1909,71;1921,39;INSTITUTO BIOCHIMICO INDSTRIA FARMACUTICA LTDA;1006301900013;Tarja Vermelha sob restrio
33,02;34,01;SANDOZ DO BRASIL INDSTRIA FARMACUTICA LTDA;1004705790019;Tarja Vermelha sob restrio
64,99;65,01;SANDOZ DO BRASIL INDSTRIA FARMACUTICA LTDA;1004705790027;Tarja Vermelha sob restrio
38,00;38,00;NOVARTIS BIOCIENCIAS S.A;1006800610037;Tarja Vermelha sob restrio
475,85;478,90;INSTITUTO BIOCHIMICO INDSTRIA FARMACUTICA LTDA;1006300030058;Tarja Vermelha sob restrio
109,99;110,03;SANDOZ DO BRASIL INDSTRIA FARMACUTICA LTDA;1004706240111;Tarja Vermelha sob restrio
80,00;80,03;SANDOZ DO BRASIL INDSTRIA FARMACUTICA LTDA;1004706350063;Tarja Vermelha sob restrio
96,03;96,98;SANDOZ DO BRASIL INDSTRIA FARMACUTICA LTDA;1004706350081;Tarja Vermelha sob restrio
133,99;134,96;SANDOZ DO BRASIL INDSTRIA FARMACUTICA LTDA;1004706350098;Tarja Vermelha sob restrio
51,02;52,02;NOVARTIS BIOCIENCIAS S.A;1006800460132;Tarja Vermelha sob restrio
155,02;156,05;NOVARTIS BIOCIENCIAS S.A;1006800460159;Tarja Vermelha sob restrio
99,02;100,01;NOVARTIS BIOCIENCIAS S.A;1006800460175;Tarja Vermelha sob restrio
299,93;300,90;NOVARTIS BIOCIENCIAS S.A;1006800460191;Tarja Vermelha sob restrio
26,99;26,99;NOVARTIS BIOCIENCIAS S.A;1006800460124;Tarja Vermelha sob restrio
76,98;77,97;SANDOZ DO BRASIL INDSTRIA FARMACUTICA LTDA;1004705940029;Tarja Vermelha sob restrio
11,00;11,00;SANDOZ DO BRASIL INDSTRIA FARMACUTICA LTDA;1004705190143;Tarja Vermelha sob restrio
413,01;415,11;SANDOZ DO BRASIL INDSTRIA FARMACUTICA LTDA;1004705870101;Tarja Vermelha sob restrio
61,01;62,00;SANDOZ DO BRASIL INDSTRIA FARMACUTICA LTDA;1004706160027;Tarja Vermelha sob restrio
82,97;83,97;NOVARTIS BIOCIENCIAS S.A;1006800610010;Tarja Vermelha sob restrio
30,01;30,99;NOVARTIS BIOCIENCIAS S.A;1006810980015;Tarja Vermelha sob restrio
17,99;17,00;SANDOZ DO BRASIL INDSTRIA FARMACUTICA LTDA;1004706080015;Tarja Vermelha sob restrio
25,01;25,01;NOVARTIS BIOCIENCIAS S.A;1006811000014;Tarja Vermelha sob restrio
32,02;32,99;NOVARTIS BIOCIENCIAS S.A;1006811000022;Tarja Vermelha sob restrio
217,03;218,95;SANDOZ DO BRASIL INDSTRIA FARMACUTICA LTDA;1004706320059;Tarja Vermelha sob restrio
33,00;33,00;NOVARTIS BIOCIENCIAS S.A;1006811020015;Tarja Vermelha sob restrio
25,00;25,00;NOVARTIS BIOCIENCIAS S.A;1006811030010;Tarja Vermelha sob restrio
219,02;220,04;SANDOZ DO BRASIL INDSTRIA FARMACUTICA LTDA;1004705870098;Tarja Vermelha sob restrio
40,00;41,00;SANDOZ DO BRASIL INDSTRIA FARMACUTICA LTDA;1004706350020;Tarja Vermelha sob restrio
60,98;60,99;SANDOZ DO BRASIL INDSTRIA FARMACUTICA LTDA;1004706350055;Tarja Vermelha sob restrio
121,03;122,01;SANDOZ DO BRASIL INDSTRIA FARMACUTICA LTDA;1004706160043;Tarja Vermelha sob restrio
15,00;15,00;NOVARTIS BIOCIENCIAS S.A;1006811060017;Tarja Vermelha sob restrio
25,99;25,99;NOVARTIS BIOCIENCIAS S.A;1006811060025;Tarja Vermelha sob restrio
51,98;51,02;SANDOZ DO BRASIL INDSTRIA FARMACUTICA LTDA;1004705190135;Tarja Vermelha sob restrio
35,01;35,02;SANDOZ DO BRASIL INDSTRIA FARMACUTICA LTDA;1004706200010;Tarja Vermelha sob restrio
22,00;22,00;SANDOZ DO BRASIL INDSTRIA FARMACUTICA LTDA;1004706200029;Tarja Vermelha sob restrio
713,10;717,17;SANDOZ DO BRASIL INDSTRIA FARMACUTICA LTDA;1004705530017;Tarja Vermelha sob restrio
59,01;59,99;NOVARTIS BIOCIENCIAS S.A;1006800460221;Tarja Vermelha sob restrio
23,99;23,01;SANDOZ DO BRASIL INDSTRIA FARMACUTICA LTDA;1004706230033;Tarja Vermelha sob restrio
27,01;27,01;SANDOZ DO BRASIL INDSTRIA FARMACUTICA LTDA;1004706240012;Tarja Vermelha sob restrio
165,94;166,04;SANDOZ DO BRASIL INDSTRIA FARMACUTICA LTDA;1004706240055;Tarja Vermelha sob restrio
93,98;93,98;SANDOZ DO BRASIL INDSTRIA FARMACUTICA LTDA;1004706240063;Tarja Vermelha sob restrio
42,02;42,00;NOVARTIS BIOCIENCIAS S.A;1006800850011;Tarja Vermelha sob restrio
23,00;23,00;NOVARTIS BIOCIENCIAS S.A;1006800850021;Tarja Vermelha sob restrio
21,00;21,01;NOVARTIS BIOCIENCIAS S.A;1006800850046;Tarja Vermelha sob restrio
22,00;23,00;NOVARTIS BIOCIENCIAS S.A;1006800850054;Tarja Vermelha sob restrio
48,00;48,01;NOVARTIS BIOCIENCIAS S.A;1006800850062;Tarja Vermelha sob restrio
60,99;60,00;NOVARTIS BIOCIENCIAS S.A;1006800850070;Tarja Vermelha sob restrio
60,99;60,00;NOVARTIS BIOCIENCIAS S.A;1006800850089;Tarja Vermelha sob restrio
145,03;146,02;NOVARTIS BIOCIENCIAS S.A;1006800850100;Tarja Vermelha sob restrio
58,00;58,98;NOVARTIS BIOCIENCIAS S.A;1006800610045;Tarja Vermelha sob restrio
116,02;117,99;NOVARTIS BIOCIENCIAS S.A;1006800610053;Tarja Vermelha sob restrio
82,04;82,02;SANDOZ DO BRASIL INDSTRIA FARMACUTICA LTDA;1004705740283;Tarja Vermelha sob restrio
36,99;37,99;CHIESI FARMACUTICA LTDA;1005801030036;Tarja Vermelha sob restrio
92,97;92,02;CHIESI FARMACUTICA LTDA;1005801030052;Tarja Vermelha sob restrio
24,00;24,00;SANDOZ DO BRASIL INDSTRIA FARMACUTICA LTDA;1004706300015;Tarja Vermelha sob restrio
55,00;55,00;SANDOZ DO BRASIL INDSTRIA FARMACUTICA LTDA;1004706300023;Tarja Vermelha sob restrio
32,98;32,01;SANDOZ DO BRASIL INDSTRIA FARMACUTICA LTDA;1004705690030;Tarja Vermelha sob restrio
322,11;324,02;INSTITUTO BIOCHIMICO INDSTRIA FARMACUTICA LTDA;1006300840025;Tarja Vermelha sob restrio
227,01;229,05;SANDOZ DO BRASIL INDSTRIA FARMACUTICA LTDA;1004706320083;Tarja Vermelha sob restrio
190,96;192,00;SANDOZ DO BRASIL INDSTRIA FARMACUTICA LTDA;1004706330011;Tarja Vermelha sob restrio
603,98;606,71;NOVARTIS BIOCIENCIAS S.A;1006800990069;Tarja Vermelha sob restrio
208,04;209,93;NOVARTIS BIOCIENCIAS S.A;1006800990123;Tarja Vermelha sob restrio
8916,88;8970,69;CHIESI FARMACUTICA LTDA;1005801120035;Tarja Vermelha sob restrio
271,00;273,15;NOVARTIS BIOCIENCIAS S.A;1006800990158;Tarja Vermelha sob restrio
277,88;278,11;NOVARTIS BIOCIENCIAS S.A;1006800990166;Tarja Vermelha sob restrio
118,99;119,01;NOVARTIS BIOCIENCIAS S.A;1006800990239;Tarja Vermelha sob restrio
509,96;512,93;NOVARTIS BIOCIENCIAS S.A;1006800990255;Tarja Vermelha sob restrio
229,98;230,97;NOVARTIS BIOCIENCIAS S.A;1006800990271;Tarja Vermelha sob restrio
593,80;597,17;NOVARTIS BIOCIENCIAS S.A;1006800990281;Tarja Vermelha sob restrio
296,91;298,10;NOVARTIS BIOCIENCIAS S.A;1006800990301;Tarja Vermelha sob restrio
593,80;597,17;NOVARTIS BIOCIENCIAS S.A;1006800990311;Tarja Vermelha sob restrio
21,99;21,00;NOVARTIS BIOCIENCIAS S.A;1006810930018;Tarja Vermelha sob restrio
17,99;17,00;NOVARTIS BIOCIENCIAS S.A;1006811300026;Tarja Vermelha sob restrio
25,01;26,01;NOVARTIS BIOCIENCIAS S.A;1006811300034;Tarja Vermelha sob restrio
271,96;272,11;SANDOZ DO BRASIL INDSTRIA FARMACUTICA LTDA;1004705870012;Tarja Vermelha sob restrio
185,01;186,96;SANDOZ DO BRASIL INDSTRIA FARMACUTICA LTDA;1004705870020;Tarja Vermelha sob restrio
577,98;581,98;SANDOZ DO BRASIL INDSTRIA FARMACUTICA LTDA;1004705870039;Tarja Vermelha sob restrio
945,00;950,80;SANDOZ DO BRASIL INDSTRIA FARMACUTICA LTDA;1004705870047;Tarja Vermelha sob restrio
